Label,Value
January,0.03989487273417274
February,0.1127230154197602
March,0.202243940578577
April,0.11407496395457388
May,0.13345420417740214